{
  "0": 0.6181611744824673,
  "1": 0.7327027591973243,
  "2": 0.5945801072066706,
  "3": 0.5961736092080022,
  "4": 0.5769182356008703,
  "5": 0.7074461855573513,
  "6": 0.5591887735486352,
  "7": 0.6753386578967974,
  "8": 0.5693793911007026,
  "9": 0.6379310344827586,
  "10": 0.5860583296509059,
  "11": 0.5939983557138941,
  "12": 0.6270102886824493,
  "13": 0.6326025459688827,
  "14": 0.5932494279176201,
  "15": 0.5768415178571429,
  "16": 0.6706397896581946,
  "17": 0.5672966274232096,
  "18": 0.5732484076433121,
  "19": 0.5584912321995998,
  "20": 0.5035789293215036,
  "21": 0.5953674948240165,
  "22": 0.7068616097278517,
  "23": 0.5589520413870246,
  "24": 0.5558841370943282,
  "25": 0.5448402948402948,
  "26": 0.6056221416180414,
  "27": 0.5886989959410383,
  "28": 0.5718933463796478,
  "29": 0.5419607843137255,
  "30": 0.496676331932856,
  "31": 0.516154007114459,
  "32": 0.5428125174318068,
  "33": 0.5636212624584718,
  "34": 0.5527892787099586,
  "35": 0.5294352792853738,
  "36": 0.5789129133622625,
  "37": 0.5682880387744504,
  "38": 0.4983315677966102,
  "39": 0.5816060676239,
  "40": 0.5457907909016412,
  "41": 0.5335161842514784,
  "42": 0.5589718952678357,
  "43": 0.5835464620630861,
  "44": 0.4756539912080521,
  "45": 0.5139954728647932,
  "46": 0.6812698412698414,
  "47": 0.6376725838264301,
  "48": 0.5538433277544189,
  "49": 0.6010037878787878
}