{
  "0": 0.5580904098014364,
  "1": 0.631871864548495,
  "2": 0.5295612467738733,
  "3": 0.5435907097835023,
  "4": 0.574238909568251,
  "5": 0.6109198229217905,
  "6": 0.5480968858131487,
  "7": 0.5910265445149167,
  "8": 0.6163739266198284,
  "9": 0.5520494469746259,
  "10": 0.5472381794078658,
  "11": 0.5787201973143327,
  "12": 0.6299570472480271,
  "13": 0.5379341505579129,
  "14": 0.5734410755148742,
  "15": 0.5665457589285714,
  "16": 0.6553242769500438,
  "17": 0.555103124723378,
  "18": 0.5129955318946667,
  "19": 0.5440302459691656,
  "20": 0.5331104539025331,
  "21": 0.5555124223602484,
  "22": 0.5873081933989577,
  "23": 0.5219693791946309,
  "24": 0.5841295116772823,
  "25": 0.5302120302120302,
  "26": 0.5651513956789149,
  "27": 0.5563554795983763,
  "28": 0.5156800391389432,
  "29": 0.5125371360665478,
  "30": 0.51904451939957,
  "31": 0.5130152751621678,
  "32": 0.4857384578196761,
  "33": 0.6011351052048727,
  "34": 0.5412399215515363,
  "35": 0.5407819682969205,
  "36": 0.5937827323058507,
  "37": 0.5436693401034756,
  "38": 0.5200741525423729,
  "39": 0.5369962945808244,
  "40": 0.5537197404265686,
  "41": 0.5269996887643946,
  "42": 0.5680999279365841,
  "43": 0.5568201193520886,
  "44": 0.4803622474717144,
  "45": 0.49800327573197883,
  "46": 0.5494179894179894,
  "47": 0.5377218934911242,
  "48": 0.5383312242315386,
  "49": 0.5935227272727271
}