{"0": 0.6905312629749737, "1": 0.7074120909332375, "2": 0.6357160810341612, "3": 0.6327483962732621, "4": 0.6267885541430062, "5": 0.736668564873469, "6": 0.6195115561120128, "7": 0.68364403964204, "8": 0.6217109890623989, "9": 0.6687611614524771, "10": 0.6423797930774328, "11": 0.6483210344709154, "12": 0.6495704209637265, "13": 0.68271612400967, "14": 0.6505173424167809, "15": 0.6249980037835091, "16": 0.6851154696067289, "17": 0.6256639371142877, "18": 0.6487482746176075, "19": 0.6407687044786526, "20": 0.6100112744843817, "21": 0.6321188930340117, "22": 0.6931169269274107, "23": 0.6462915654948317, "24": 0.627520304701684, "25": 0.6278958871472751, "26": 0.6166443759157805, "27": 0.6366236150388056, "28": 0.6467367968454512, "29": 0.601247450868694, "30": 0.6234295681524747, "31": 0.5809225773995262, "32": 0.6112898664299435, "33": 0.659888645566711, "34": 0.614397378110441, "35": 0.5956721655689909, "36": 0.6392759316194003, "37": 0.6031458214788048, "38": 0.6141229707680809, "39": 0.6158891016503463, "40": 0.6160598930437741, "41": 0.5913859195893864, "42": 0.6078498434499235, "43": 0.5994677892591392, "44": 0.5979547312074849, "45": 0.576343320831924, "46": 0.6962134140885117, "47": 0.6290699274284023, "48": 0.6175684328409079, "49": 0.6438240123212349}